CountryName,Year,SuicideRate,GDP_PerCapita
Albania,2000,5.5,1126.683318
Algeria,2000,4.1,1765.022577
Angola,2000,7.9,556.8363181
Antigua and Barbuda,2000,2,10920.84269
Argentina,2000,9.5,7708.100996
Armenia,2000,3.3,622.7421391
Australia,2000,13.2,21679.24784
Austria,2000,20,24564.45829
Azerbaijan,2000,2.2,655.0974326
Bahrain,2000,6.7,13636.40824
Bangladesh,2000,6.7,418.0689683
Barbados,2000,2.1,11496.6024
Belarus,2000,43.1,1276.288034
Belgium,2000,22.7,23207.40591
Belize,2000,5.5,3364.423711
Benin,2000,9.5,374.1923942
Bhutan,2000,12.4,743.0501339
Bosnia and Herzegovina,2000,10.7,1467.776477
Botswana,2000,11.8,3522.308678
Brazil,2000,4.8,3749.75325
Brunei Darussalam,2000,2.8,18012.55626
Bulgaria,2000,18.5,1609.882452
Burkina Faso,2000,8.2,226.4759814
Burundi,2000,7.1,136.4639708
Cabo Verde,2000,9.4,1259.323656
Cambodia,2000,5.6,302.5771636
Cameroon,2000,13.3,649.9918454
Canada,2000,13,24190.24962
Central African Republic,2000,8.8,251.2068774
Chad,2000,8,165.7629866
Chile,2000,10.9,5074.901624
China,2000,13.2,959.3724836
Colombia,2000,7.6,2520.480898
Comoros,2000,5.1,645.8186908
Costa Rica,2000,7.3,3772.870012
Croatia,2000,21.3,4873.053306
Cuba,2000,17.4,2747.098575
Cyprus,2000,2.2,14388.3467
Denmark,2000,16,30743.54768
Djibouti,2000,5.8,768.1760767
Dominican Republic,2000,9.1,2869.105861
Ecuador,2000,6.1,1445.279324
El Salvador,2000,13.4,2001.538009
Equatorial Guinea,2000,15.5,1725.554738
Estonia,2000,29.5,4070.032827
Eswatini,2000,11.6,1728.70534
Ethiopia,2000,8,124.4608003
Fiji,2000,4.3,2076.568784
Finland,2000,24.6,24253.25042
France,2000,22.3,22364.02939
Gabon,2000,6.7,4125.716664
Georgia,2000,6,749.8961143
Germany,2000,14.7,23718.7467
Ghana,2000,4,258.4709595
Greece,2000,3.4,12042.95373
Grenada,2000,1.9,5057.173965
Guatemala,2000,3.2,1655.58773
Guinea,2000,6.3,363.482479
Guinea-Bissau,2000,5,308.1441193
Guyana,2000,23.4,954.4041525
Haiti,2000,8.7,467.1475588
Honduras,2000,2.3,1080.462129
Hungary,2000,32.5,4633.312923
Iceland,2000,16.2,32018.06325
India,2000,17.4,443.314204
Indonesia,2000,3.9,780.190201
Iraq,2000,2.7,
Ireland,2000,12.4,26241.36461
Israel,2000,7.5,21027.78173
Italy,2000,7.8,20051.24215
Jamaica,2000,2.3,3384.694861
Japan,2000,24.7,38532.04088
Jordan,2000,3.4,1651.622443
Kazakhstan,2000,34,1229.000958
Kenya,2000,4.4,397.4826588
Kiribati,2000,13.7,796.8881748
Kuwait,2000,2,18439.90039
Latvia,2000,34.7,3352.731296
Lebanon,2000,3,4491.637259
Lesotho,2000,18,436.488352
Liberia,2000,5.7,306.8328947
Libya,2000,5.3,7142.774452
Lithuania,2000,50.7,3297.354701
Luxembourg,2000,16.8,48735.99549
Madagascar,2000,4.7,245.9390659
Malawi,2000,6.2,156.3857186
Malaysia,2000,5.3,4043.662051
Maldives,2000,4.4,2234.579866
Mali,2000,5.5,269.8711377
Malta,2000,6.5,11039.05651
Mauritania,2000,3.4,491.8427611
Mauritius,2000,11.1,3929.075493
Mexico,2000,3.6,7157.8145
Mongolia,2000,17.9,474.2168965
Montenegro,2000,10.4,1627.072633
Morocco,2000,6.9,1334.943051
Mozambique,2000,8.8,283.2254824
Myanmar,2000,7.3,190.6062319
Namibia,2000,10.9,2136.440243
Nepal,2000,15.4,229.4902871
Netherlands,2000,9.8,26149.41108
New Zealand,2000,12.9,13641.10272
Nicaragua,2000,17.2,1007.501429
Niger,2000,4.6,158.7049748
Nigeria,2000,10.2,567.930736
Norway,2000,13.3,38146.71539
Oman,2000,4.3,8601.25417
Pakistan,2000,3.4,519.5343268
Panama,2000,6,4060.324493
Papua New Guinea,2000,7.1,602.1869023
Paraguay,2000,10.1,1663.605252
Peru,2000,5.1,1955.588006
Philippines,2000,2.5,1038.90854
Poland,2000,16.9,4492.739632
Portugal,2000,7.5,11502.39681
Qatar,2000,3.4,29976.11704
Romania,2000,13.2,1659.90764
Russia,2000,52.6,1771.59783
Rwanda,2000,15.6,228.6377096
Samoa,2000,8.3,1542.066736
Sao Tome and Principe,2000,2,
Saudi Arabia,2000,2.8,9171.330145
Senegal,2000,7.7,604.654066
Serbia,2000,21,870.1363145
Seychelles,2000,8.7,7578.851053
Sierra Leone,2000,11.1,138.6986922
Singapore,2000,12.4,23852.32703
Slovenia,2000,32.4,10227.73677
Solomon Islands,2000,11.2,1054.388246
South Africa,2000,11.6,3032.427138
Spain,2000,8.6,14676.70609
Sri Lanka,2000,28.8,869.6965166
Sudan,2000,7.9,366.1728076
Suriname,2000,23.5,2012.260287
Sweden,2000,15.6,29323.20776
Switzerland,2000,21.8,37868.32306
Tajikistan,2000,3,138.4288795
Thailand,2000,16.2,2007.736363
Timor-Leste,2000,9.3,497.1314157
Togo,2000,9.6,302.2063943
Tonga,2000,3.6,2065.502661
Trinidad and Tobago,2000,14.9,6435.164683
Tunisia,2000,3.5,2211.826817
Turkey,2000,7.2,4316.548908
Turkmenistan,2000,9.1,643.174726
Uganda,2000,11.1,261.8689977
Ukraine,2000,36.9,635.7089635
United Arab Emirates,2000,3.2,33291.41937
United Kingdom,2000,9.1,27987.75116
United States of America,2000,11.3,36334.90878
Uruguay,2000,17.4,6875.021328
Uzbekistan,2000,7.6,558.2268024
Vanuatu,2000,7.3,1470.572265
Zambia,2000,8.1,345.6895544
Zimbabwe,2000,12.9,563.0577411
Albania,2005,6.7,2673.787283
Algeria,2005,3.8,3113.094651
Angola,2005,7.2,1902.422346
Antigua and Barbuda,2005,1.2,12547.61304
Argentina,2005,9,5109.851325
Armenia,2005,4.4,1643.753029
Australia,2005,12.3,33999.24286
Austria,2005,17.3,38403.13388
Azerbaijan,2005,3.2,1578.40239
Bahrain,2005,7,17959.25933
Bangladesh,2005,6.3,499.4619402
Barbados,2005,3.7,14104.14623
Belarus,2005,45.1,3125.810535
Belgium,2005,21.2,36967.25918
Belize,2005,4.9,3926.013742
Benin,2005,9.7,601.799977
Bhutan,2005,12.2,1262.247445
Bosnia and Herzegovina,2005,9.3,2980.602109
Botswana,2005,12.6,5520.12472
Brazil,2005,5.5,4790.437088
Brunei Darussalam,2005,3.3,26105.27903
Bulgaria,2005,13.4,3869.529455
Burkina Faso,2005,7.6,406.9988071
Burundi,2005,8.4,151.6814634
Cabo Verde,2005,10.1,2099.157484
Cambodia,2005,5.9,474.1112278
Cameroon,2005,11.9,1011.880073
Canada,2005,13.2,36266.18712
Central African Republic,2005,8.8,331.1629242
Chad,2005,8.5,658.3049578
Chile,2005,10.6,7598.525121
China,2005,11.7,1753.417829
Colombia,2005,6.7,3404.190199
Comoros,2005,6.5,1068.600321
Costa Rica,2005,7.9,4654.824822
Croatia,2005,20.2,10521.03386
Cuba,2005,13,3786.664793
Cyprus,2005,2.6,24959.26591
Denmark,2005,16.2,48799.8256
Djibouti,2005,5.9,904.7297489
Dominican Republic,2005,8.2,3970.32284
Ecuador,2005,8.9,3002.136867
El Salvador,2005,9.9,2428.569512
Equatorial Guinea,2005,13.7,10963.28936
Estonia,2005,22.5,10338.31322
Eswatini,2005,12,3083.826171
Ethiopia,2005,7.9,162.4327265
Fiji,2005,3.5,3659.579329
Finland,2005,20.4,38969.17163
France,2005,21.1,34760.18777
Gabon,2005,6.1,6888.627147
Georgia,2005,5,1642.775074
Germany,2005,13.6,34696.62092
Ghana,2005,4.3,491.9463779
Greece,2005,3.5,22551.73574
Grenada,2005,2.7,6644.02496
Guatemala,2005,3.2,2077.83438
Guinea,2005,6.8,322.4156816
Guinea-Bissau,2005,4.4,436.3020197
Guyana,2005,24.4,1105.496454
Haiti,2005,9.5,468.7572696
Honduras,2005,2.5,1296.694822
Hungary,2005,26.7,11205.97134
Iceland,2005,12.2,56658.58959
India,2005,17.6,714.8610803
Indonesia,2005,3.8,1263.287321
Iraq,2005,2.5,1855.522004
Ireland,2005,11.9,50878.22361
Israel,2005,7.6,20549.67114
Italy,2005,7,31959.26295
Jamaica,2005,1.9,4089.198442
Japan,2005,24.9,37217.64873
Jordan,2005,3.1,2183.396157
Kazakhstan,2005,39.4,3771.278957
Kenya,2005,3.9,511.6164222
Kiribati,2005,13.9,1214.556667
Kuwait,2005,2.3,35590.70407
Latvia,2005,26.7,7558.742006
Lebanon,2005,3.1,4573.536073
Lesotho,2005,18.6,842.8130532
Liberia,2005,6.8,294.8930368
Libya,2005,5.6,8163.010778
Lithuania,2005,43.9,7863.162009
Luxembourg,2005,14.3,80289.69641
Madagascar,2005,4.5,274.8197023
Malawi,2005,4.5,289.5551689
Malaysia,2005,5.4,5587.02565
Maldives,2005,3.3,3639.966576
Mali,2005,4.9,488.8281374
Malta,2005,5.6,15835.34667
Mauritania,2005,3.5,722.3230795
Mauritius,2005,8.8,5282.906022
Mexico,2005,4.3,8277.671251
Mongolia,2005,17.1,998.8313648
Montenegro,2005,11.4,3674.617924
Morocco,2005,5.3,2018.025743
Mozambique,2005,6.7,376.8846717
Myanmar,2005,7.7,244.8823499
Namibia,2005,10.4,3674.002201
Nepal,2005,12.5,315.80563
Netherlands,2005,9.9,41979.05585
New Zealand,2005,13.3,27751.06547
Nicaragua,2005,14.4,1162.290113
Niger,2005,4.9,249.9279298
Nigeria,2005,9.6,1268.383443
Norway,2005,12.7,66775.3944
Oman,2005,3.4,12377.06807
Pakistan,2005,3.5,683.0902351
Panama,2005,6.3,4916.914994
Papua New Guinea,2005,5.8,749.1863962
Paraguay,2005,10.1,1843.633791
Peru,2005,4.6,2729.498682
Philippines,2005,2.6,1193.977291
Poland,2005,17.7,8021.003655
Portugal,2005,11.1,18784.9485
Qatar,2005,3.2,51455.59419
Romania,2005,12.5,4617.929016
Russia,2005,51.6,5323.473877
Rwanda,2005,10.9,303.7407156
Samoa,2005,6.5,2574.176629
Sao Tome and Principe,2005,1.8,866.5074511
Saudi Arabia,2005,3,13791.44629
Senegal,2005,8.1,993.9320411
Serbia,2005,18.8,3720.479155
Seychelles,2005,9.1,11092.51074
Sierra Leone,2005,10.4,292.3493252
Singapore,2005,11.6,29961.26328
Slovenia,2005,27.1,18169.18091
Solomon Islands,2005,7.6,880.8129914
South Africa,2005,11.8,5383.632556
Spain,2005,8.1,26510.71745
Sri Lanka,2005,23.1,1248.698185
Sudan,2005,8.4,689.209557
Suriname,2005,26.5,3590.626616
Sweden,2005,16.4,43134.71673
Switzerland,2005,20.8,54952.67372
Tajikistan,2005,2.9,340.5830327
Thailand,2005,12.7,2894.061896
Timor-Leste,2005,6.2,1822.574955
Togo,2005,9.9,406.4009505
Tonga,2005,3.4,2598.2472
Trinidad and Tobago,2005,12.3,12327.23317
Tunisia,2005,3.6,3193.206569
Turkey,2005,7.6,7384.251628
Turkmenistan,2005,11.7,1704.417531
Uganda,2005,10.5,325.5903736
Ukraine,2005,34.5,1826.932206
United Arab Emirates,2005,3.1,39365.33592
United Kingdom,2005,8.2,41803.89138
United States of America,2005,11.9,44114.74778
Uruguay,2005,15.3,5226.937806
Uzbekistan,2005,5.8,546.7768502
Vanuatu,2005,5.7,1887.226576
Zambia,2005,6.5,702.7409406
Zimbabwe,2005,13.9,476.5553236
Albania,2010,7.8,4094.358816
Algeria,2010,3.3,4480.785777
Angola,2010,5.7,3587.883798
Antigua and Barbuda,2010,0.3,13092.07382
Argentina,2010,8.7,10385.96443
Armenia,2010,6,3218.372707
Australia,2010,12.5,52022.1256
Austria,2010,16,46858.04327
Azerbaijan,2010,3.1,5842.805784
Bahrain,2010,5.2,20722.13729
Bangladesh,2010,6.4,781.1535936
Barbados,2010,2.1,16056.01653
Belarus,2010,38.2,6181.399916
Belgium,2010,21.3,44380.17663
Belize,2010,4.9,4331.434517
Benin,2010,9.6,757.6959074
Bhutan,2010,11.1,2312.860096
Bosnia and Herzegovina,2010,8,4635.517779
Botswana,2010,11.1,6434.815657
Brazil,2010,5.7,11286.24302
Brunei Darussalam,2010,3.7,35269.55311
Bulgaria,2010,12.5,6843.26695
Burkina Faso,2010,7.5,575.4464527
Burundi,2010,9,234.2356469
Cabo Verde,2010,11.1,3378.25486
Cambodia,2010,5.4,785.5022829
Cameroon,2010,11.7,1285.261726
Canada,2010,13,47450.31847
Central African Republic,2010,9.5,487.9453833
Chad,2010,8.7,891.6988174
Chile,2010,12.2,12808.03459
China,2010,10.9,4550.453596
Colombia,2010,7.2,6326.549469
Comoros,2010,6.6,1315.214806
Costa Rica,2010,8.6,8141.913599
Croatia,2010,18.6,13937.14227
Cuba,2010,14.4,5730.354775
Cyprus,2010,5.7,30818.47993
Denmark,2010,12.7,58041.39844
Djibouti,2010,5.2,1343.26873
Dominican Republic,2010,8,5568.046676
Ecuador,2010,8.5,4633.590358
El Salvador,2010,10.8,2983.229771
Equatorial Guinea,2010,16.7,17272.00977
Estonia,2010,18.3,14638.60482
Eswatini,2010,11.9,4168.505062
Ethiopia,2010,7.3,341.5541149
Fiji,2010,4.8,3652.527437
Finland,2010,18.9,46202.41516
France,2010,20.2,40638.334
Gabon,2010,6.9,8840.730664
Georgia,2010,6.9,3073.524753
Germany,2010,13.7,41785.55691
Ghana,2010,4.7,1298.436952
Greece,2010,3.3,26917.75898
Grenada,2010,0.9,7257.756622
Guatemala,2010,2.9,2825.519029
Guinea,2010,6.6,672.4244026
Guinea-Bissau,2010,4.2,557.6321326
Guyana,2010,26.8,3033.247725
Haiti,2010,10.2,665.6274195
Honduras,2010,2.5,1891.157395
Hungary,2010,26,13092.23376
Iceland,2010,13.3,43024.92384
India,2010,16.5,1357.563701
Indonesia,2010,3.6,3122.362815
Iraq,2010,2.8,4657.280426
Ireland,2010,12,48715.17686
Israel,2010,7.3,30659.12775
Italy,2010,7.5,35849.3732
Jamaica,2010,2,4696.841894
Japan,2010,24.4,44507.67639
Jordan,2010,2.8,3656.453675
Kazakhstan,2010,32.7,9070.488253
Kenya,2010,3.1,951.6879611
Kiribati,2010,14.5,1516.811869
Kuwait,2010,1.9,38577.38166
Latvia,2010,22.7,11326.21947
Lebanon,2010,3.2,7756.744069
Lesotho,2010,20.1,1183.42153
Liberia,2010,6.5,513.4456986
Libya,2010,5.4,12064.78069
Lithuania,2010,37.3,11984.86857
Luxembourg,2010,12.9,104965.3061
Madagascar,2010,4.3,412.7309341
Malawi,2010,3.8,478.6685897
Malaysia,2010,5.1,9040.566251
Maldives,2010,3.2,7076.662423
Mali,2010,4.8,709.5819646
Malta,2010,8,21087.79469
Mauritania,2010,3.9,1241.428756
Mauritius,2010,8.1,8000.376432
Mexico,2010,4.6,9271.398233
Mongolia,2010,16.6,2643.292914
Montenegro,2010,10.4,6682.281158
Morocco,2010,3.7,2839.925168
Mozambique,2010,5.6,431.5154715
Myanmar,2010,7.3,979.05163
Namibia,2010,10.4,5324.61704
Nepal,2010,10.5,592.4010975
Netherlands,2010,10,50950.03434
New Zealand,2010,13,33692.01083
Nicaragua,2010,12.5,1503.867544
Niger,2010,4.9,347.3430407
Nigeria,2010,10,2292.445156
Norway,2010,12.6,87770.26684
Oman,2010,3.7,19281.16563
Pakistan,2010,3.1,988.7541283
Panama,2010,5.1,8082.028459
Papua New Guinea,2010,5.4,1949.34856
Paraguay,2010,9.3,4355.934939
Peru,2010,4.6,5082.354757
Philippines,2010,3.3,2124.05677
Poland,2010,18.6,12599.53358
Portugal,2010,13.5,22538.65408
Qatar,2010,6.1,67403.1603
Romania,2010,14,8209.919456
Russia,2010,40,10674.9972
Rwanda,2010,7.5,576.049201
Samoa,2010,5,3458.188715
Sao Tome and Principe,2010,2,1094.710636
Saudi Arabia,2010,3.4,19262.54768
Senegal,2010,6.9,1278.977754
Serbia,2010,15.9,5735.422857
Seychelles,2010,9.4,10804.68447
Sierra Leone,2010,9.2,401.8350014
Singapore,2010,10,47236.96023
Slovenia,2010,20.7,23437.47202
Solomon Islands,2010,5.8,1290.398779
South Africa,2010,12.2,7328.593646
Spain,2010,7,30736.62785
Sri Lanka,2010,19.1,2799.648876
Sudan,2010,8,1489.876911
Suriname,2010,27,8255.796859
Sweden,2010,15.3,52132.91853
Switzerland,2010,16.2,74605.72102
Tajikistan,2010,2.5,749.552711
Thailand,2010,14.3,5076.342992
Timor-Leste,2010,5.3,3656.952175
Togo,2010,9.5,533.508792
Tonga,2010,3.6,3553.220614
Trinidad and Tobago,2010,14.5,16683.35538
Tunisia,2010,3.6,4141.976353
Turkey,2010,8.4,10672.38925
Turkmenistan,2010,7.6,4439.200382
Uganda,2010,10.5,622.4988457
Ukraine,2010,27.1,2965.142365
United Arab Emirates,2010,3,33893.30351
United Kingdom,2010,7.8,39079.84261
United States of America,2010,13.2,48466.82338
Uruguay,2010,16.6,11992.01663
Uzbekistan,2010,6,1377.08214
Vanuatu,2010,5.1,2966.857116
Zambia,2010,6.3,1489.45907
Zimbabwe,2010,11.9,948.3318545
Albania,2015,6,3952.830781
Algeria,2015,3.2,4177.888966
Angola,2015,5,4166.979684
Antigua and Barbuda,2015,0.8,14526.58808
Argentina,2015,8.8,13789.06042
Armenia,2015,7,3607.296697
Australia,2015,13.8,56748.42026
Austria,2015,16,44176.67174
Azerbaijan,2015,2.7,5500.320497
Bahrain,2015,5.9,22688.9444
Bangladesh,2015,6.1,1248.453398
Barbados,2015,0.7,16066.4718
Belarus,2015,26.3,5949.106307
Belgium,2015,20.1,40441.05204
Belize,2015,4.8,4883.179011
Benin,2015,9.9,783.9630778
Bhutan,2015,11.6,2829.891245
Bosnia and Herzegovina,2015,8.9,4727.277546
Botswana,2015,9.7,6799.875234
Brazil,2015,6.5,8814.000987
Brunei Darussalam,2015,4.5,31164.56203
Bulgaria,2015,11.4,6993.783483
Burkina Faso,2015,7.7,575.3144542
Burundi,2015,8.9,305.5497728
Cabo Verde,2015,11,3043.013984
Cambodia,2015,5.3,1162.90492
Cameroon,2015,12.3,1326.969277
Canada,2015,12.5,43495.05439
Central African Republic,2015,8.1,380.4042935
Chad,2015,8.9,775.7075235
Chile,2015,10.9,13574.1715
China,2015,9.6,8033.388043
Colombia,2015,8.3,6175.87603
Comoros,2015,6.8,1271.057042
Costa Rica,2015,7.9,11299.13618
Croatia,2015,17.8,11780.13124
Cuba,2015,13.7,7694.01192
Cyprus,2015,4.9,23217.48415
Denmark,2015,11.9,53254.856
Djibouti,2015,6.4,1787.4775
Dominican Republic,2015,9.7,6691.71692
Ecuador,2015,9.6,6124.491643
El Salvador,2015,14,3705.577946
Equatorial Guinea,2015,16.5,11278.92894
Estonia,2015,15.8,17412.44867
Eswatini,2015,13.1,3641.408583
Ethiopia,2015,7.2,639.3043597
Fiji,2015,5,5390.745258
Finland,2015,14.4,42494.65662
France,2015,18,36613.37522
Gabon,2015,7.3,7381.746749
Georgia,2015,8.1,3756.383768
Germany,2015,13.8,41394.65816
Ghana,2015,5.3,1766.005701
Greece,2015,4.8,18167.77372
Grenada,2015,1.1,9096.870646
Guatemala,2015,3.1,3923.573344
Guinea,2015,6.4,769.2560137
Guinea-Bissau,2015,3.9,603.1585129
Guyana,2015,29.1,4166.134826
Haiti,2015,11.7,815.7282844
Honduras,2015,2.8,2286.200039
Hungary,2015,20.3,12503.68207
Iceland,2015,14,52428.59576
India,2015,16.5,1605.605431
Indonesia,2015,3.4,3331.695128
Iraq,2015,3.1,4989.803075
Ireland,2015,11.5,61995.42278
Israel,2015,5,35855.27504
Italy,2015,8,30170.5166
Jamaica,2015,2.1,4892.897447
Japan,2015,19.4,34524.46986
Jordan,2015,2.9,4097.411436
Kazakhstan,2015,24.9,10510.77189
Kenya,2015,3.1,1336.883349
Kiribati,2015,14.5,1542.57525
Kuwait,2015,2.3,29869.52939
Latvia,2015,21.6,13639.69412
Lebanon,2015,3.3,7649.832611
Lesotho,2015,21,1219.177853
Liberia,2015,6.5,710.3838577
Libya,2015,4.2,4337.919139
Lithuania,2015,34.9,14291.90642
Luxembourg,2015,14.7,100428.368
Madagascar,2015,4,402.0883118
Malawi,2015,3.6,380.5970331
Malaysia,2015,5.4,9799.367531
Maldives,2015,2.6,9033.390413
Mali,2015,4.8,751.1704966
Malta,2015,8,24046.27535
Mauritania,2015,4.3,1194.312515
Mauritius,2015,8.5,9260.447303
Mexico,2015,5.6,9605.952351
Mongolia,2015,13.1,3918.579174
Montenegro,2015,10,6514.272695
Morocco,2015,2.9,2875.257985
Mozambique,2015,4.9,547.2380939
Myanmar,2015,7.6,1133.002816
Namibia,2015,9,5032.889762
Nepal,2015,9.1,792.5528906
Netherlands,2015,12.5,45175.23189
New Zealand,2015,12.1,38559.54704
Nicaragua,2015,12.2,2049.851415
Niger,2015,4.7,360.8533841
Nigeria,2015,9.6,2730.430324
Norway,2015,12.4,74521.56993
Oman,2015,4.1,16150.88726
Pakistan,2015,2.9,1356.667731
Panama,2015,3.9,13630.30797
Papua New Guinea,2015,6,2679.326711
Paraguay,2015,9.9,5406.703857
Peru,2015,4.9,6227.586716
Philippines,2015,3.2,2867.15199
Poland,2015,15.8,12572.32185
Portugal,2015,13.8,19252.63495
Qatar,2015,6.5,63039.01655
Romania,2015,11.6,8977.498544
Russia,2015,32.1,9313.787542
Rwanda,2015,6.8,728.0817574
Samoa,2015,4.5,4155.279353
Sao Tome and Principe,2015,2.3,1595.861423
Saudi Arabia,2015,3.2,20627.93278
Senegal,2015,6.2,1218.764246
Serbia,2015,15,5585.117808
Seychelles,2015,9.4,14745.34146
Sierra Leone,2015,9.3,588.2284527
Singapore,2015,9,55646.61875
Slovenia,2015,21,20887.51964
Solomon Islands,2015,4.9,1914.467926
South Africa,2015,11.8,5730.934174
Spain,2015,8.1,25817.38661
Sri Lanka,2015,14.8,3843.780672
Sudan,2015,8,2486.745659
Suriname,2015,23.8,8561.974179
Sweden,2015,15.7,50832.55271
Switzerland,2015,17.1,82081.59712
Tajikistan,2015,2.5,929.0958572
Thailand,2015,14.6,5840.046948
Timor-Leste,2015,4.6,2585.153878
Togo,2015,9.4,570.6807371
Tonga,2015,3.5,4320.63799
Trinidad and Tobago,2015,13.6,18332.49031
Tunisia,2015,3.4,3859.814436
Turkey,2015,7.3,10948.72461
Turkmenistan,2015,7.2,6432.680702
Uganda,2015,9.9,709.0210386
Ukraine,2015,23.1,2124.662666
United Arab Emirates,2015,2.8,38663.38381
United Kingdom,2015,8.7,44472.1517
United States of America,2015,15,56803.47243
Uruguay,2015,19.4,15613.76427
Uzbekistan,2015,7.4,2615.025134
Vanuatu,2015,4.5,2721.635936
Zambia,2015,6.1,1332.194321
Zimbabwe,2015,10.6,1445.071062
Albania,2020,6.3,4124.108543
Algeria,2020,3.2,3948.811897
Angola,2020,4.7,3506.072885
Antigua and Barbuda,2020,0.5,15494.30547
Argentina,2020,9.2,12790.24247
Armenia,2020,6.6,3591.829276
Australia,2020,13.2,50019.96777
Austria,2020,15.6,45103.32981
Azerbaijan,2020,2.6,3880.738731
Bahrain,2020,5.9,22619.11667
Bangladesh,2020,5.9,1401.620628
Barbados,2020,0.8,15847.14272
Belarus,2020,26.2,5022.626643
Belgium,2020,20.7,41449.09736
Belize,2020,4.7,4904.034338
Benin,2020,9.9,788.5491965
Bhutan,2020,11.4,3012.961401
Bosnia and Herzegovina,2020,8.8,4994.68314
Botswana,2020,9.3,7243.856017
Brazil,2020,6.5,8712.887044
Brunei Darussalam,2020,4.6,27157.34623
Bulgaria,2020,11.5,7469.455638
Burkina Faso,2020,7.7,583.8326203
Burundi,2020,9.1,282.1496815
Cabo Verde,2020,11.3,3130.963385
Cambodia,2020,5.3,1269.591257
Cameroon,2020,12.2,1363.403851
Canada,2020,12.5,42279.90082
Central African Republic,2020,7.7,406.5319611
Chad,2020,8.8,692.9785958
Chile,2020,10.6,13748.0884
China,2020,9.7,8078.790474
Colombia,2020,7.2,5871.223524
Comoros,2020,6.8,1287.420965
Costa Rica,2020,7.9,11666.45661
Croatia,2020,16.5,12366.82154
Cuba,2020,13.9,8060.795886
Cyprus,2020,5.3,24019.13787
Denmark,2020,12.8,54467.10452
Djibouti,2020,6.7,1898.87599
Dominican Republic,2020,9.9,6957.564507
Ecuador,2020,7.1,6060.093329
El Salvador,2020,13.7,3800.122181
Equatorial Guinea,2020,16.4,9244.051798
Estonia,2020,17.8,18228.05825
Eswatini,2020,13.3,3426.826597
Ethiopia,2020,7.2,716.8800387
Fiji,2020,5,5647.347365
Finland,2020,15.9,43493.41934
France,2020,17.7,36962.22229
Gabon,2020,7.1,6979.709196
Georgia,2020,8.2,3857.281728
Germany,2020,13.6,42443.46507
Ghana,2020,5.4,1931.38947
Greece,2020,5,18116.45962
Grenada,2020,1.7,9628.347487
Guatemala,2020,2.7,4140.590064
Guinea,2020,6.3,733.0207588
Guinea-Bissau,2020,4,661.0076549
Guyana,2020,29.2,4542.622067
Haiti,2020,11.7,735.7551202
Honduras,2020,2.9,2326.297027
Hungary,2020,19.1,12839.58454
Iceland,2020,14,61757.94931
India,2020,16.3,1729.268021
Indonesia,2020,3.4,3562.845756
Iraq,2020,3,4649.468115
Ireland,2020,11.5,63197.08237
Israel,2020,5.4,37371.62691
Italy,2020,8.2,30830.92266
Jamaica,2020,2.2,4842.045011
Japan,2020,18.5,38794.33094
Jordan,2020,2.9,4109.574819
Kazakhstan,2020,22.5,7714.841844
Kenya,2020,3.2,1410.527571
Kiribati,2020,14.4,1584.807446
Kuwait,2020,2.3,27653.1644
Latvia,2020,21.2,14133.68295
Lebanon,2020,3.3,7634.946544
Lesotho,2020,21.2,1119.719758
Liberia,2020,6.8,714.6233922
Libya,2020,5.2,4038.970683
Lithuania,2020,31.9,14982.53305
Luxembourg,2020,13.5,101305.5277
Madagascar,2020,3.9,400.0362751
Malawi,2020,3.7,315.7773264
Malaysia,2020,5.5,9671.024717
Maldives,2020,2.3,9282.723553
Mali,2020,4.8,779.874933
Malta,2020,7.5,25128.93738
Mauritania,2020,4.4,1135.558646
Mauritius,2020,7.8,9681.618567
Mexico,2020,5.1,8739.142471
Mongolia,2020,13,3660.150746
Montenegro,2020,10.3,7028.936577
Morocco,2020,2.9,2897.66344
Mozambique,2020,4.9,391.5528948
Myanmar,2020,7.8,1192.495338
Namibia,2020,8.7,4786.235303
Nepal,2020,8.8,777.1475955
Netherlands,2020,12.6,46007.85292
New Zealand,2020,12.1,40026.8522
Nicaragua,2020,12.2,2107.574238
Niger,2020,4.6,362.1311323
Nigeria,2020,9.5,2175.99967
Norway,2020,12.2,70941.52527
Oman,2020,3.9,14721.64733
Pakistan,2020,2.9,1368.454326
Panama,2020,4.3,14356.32405
Papua New Guinea,2020,6,2509.629007
Paraguay,2020,9.5,5319.410218
Peru,2020,4.9,6205.3709
Philippines,2020,3.2,2941.21204
Poland,2020,16.2,12431.57542
Portugal,2020,14,19977.39849
Qatar,2020,6.6,57163.06099
Romania,2020,10.4,9567.097782
Russia,2020,31,8745.375116
Rwanda,2020,6.7,726.353049
Samoa,2020,4.4,4043.694
Sao Tome and Principe,2020,2.3,1710.133948
Saudi Arabia,2020,3.2,19879.29753
Senegal,2020,6,1269.040407
Serbia,2020,15.6,5756.381194
Seychelles,2020,9.3,15077.83902
Sierra Leone,2020,9.7,501.4157129
Singapore,2020,9.9,56724.17039
Slovenia,2020,18.6,21617.57985
Solomon Islands,2020,4.7,1990.031497
South Africa,2020,11.6,5272.627749
Spain,2020,8.7,26622.29914
Sri Lanka,2020,14.6,3886.291502
Sudan,2020,8.1,2398.10188
Suriname,2020,22.8,5606.712075
Sweden,2020,14.8,51617.54035
Switzerland,2020,17.2,80037.50304
Tajikistan,2020,2.5,802.5180041
Thailand,2020,14.4,5978.611454
Timor-Leste,2020,4.6,2053.273798
Togo,2020,9.6,587.8744094
Tonga,2020,3.5,3966.15652
Trinidad and Tobago,2020,13.6,15786.12052
Tunisia,2020,3.4,3698.565075
Turkey,2020,7.3,10820.63384
Turkmenistan,2020,6.7,6389.548408
Uganda,2020,9.9,608.7057351
Ukraine,2020,22.4,2187.731997
United Arab Emirates,2020,2.8,38141.84676
United Kingdom,2020,8.9,40539.91961
United States of America,2020,15.3,57904.20196
Uruguay,2020,18.4,15387.14403
Uzbekistan,2020,7.4,2567.799418
Vanuatu,2020,4.5,2830.965284
Zambia,2020,6.1,1280.578447
Zimbabwe,2020,10.7,1464.583529
